{
    "validation_loss": 0.8859081582394902,
    "dice_score": 0.3374715243538697,
    "iou_score": 0.29974942665524823,
    "dice_per_class": [
        0.16811780631542206,
        0.22650696337223053,
        0.48911258578300476,
        0.46614888310432434
    ],
    "iou_per_class": [
        0.14709116518497467,
        0.22317443788051605,
        0.38180795311927795,
        0.446924090385437
    ]
}